<?xml version="1.0" encoding="UTF-8"?>
<project-private xmlns="http://www.netbeans.org/ns/project-private/1">
    <editor-bookmarks xmlns="http://www.netbeans.org/ns/editor-bookmarks/2" lastBookmarkId="0"/>
    <open-files xmlns="http://www.netbeans.org/ns/projectui-open-files/2">
        <group>
            <file>file:/C:/Users/Asus/OneDrive/Year%202%20Sem%201/Object%20Oriented%20Development%20with%20Java/Assignment/ProductCatalogueManagement%20System/src/GUI/AddProManager.java</file>
            <file>file:/C:/Users/Asus/OneDrive/Year%202%20Sem%201/Object%20Oriented%20Development%20with%20Java/Assignment/ProductCatalogueManagement%20System/src/GUI/ManageAdmin.java</file>
            <file>file:/C:/Users/Asus/OneDrive/Year%202%20Sem%201/Object%20Oriented%20Development%20with%20Java/Assignment/ProductCatalogueManagement%20System/src/Function/CatalogueItem.java</file>
            <file>file:/C:/Users/Asus/OneDrive/Year%202%20Sem%201/Object%20Oriented%20Development%20with%20Java/Assignment/ProductCatalogueManagement%20System/src/ObjectClass/Administrator.java</file>
            <file>file:/C:/Users/Asus/OneDrive/Year%202%20Sem%201/Object%20Oriented%20Development%20with%20Java/Assignment/ProductCatalogueManagement%20System/src/GUI/AddCatalogue.java</file>
            <file>file:/C:/Users/Asus/OneDrive/Year%202%20Sem%201/Object%20Oriented%20Development%20with%20Java/Assignment/ProductCatalogueManagement%20System/src/GUI/ManageSupplier.java</file>
            <file>file:/C:/Users/Asus/OneDrive/Year%202%20Sem%201/Object%20Oriented%20Development%20with%20Java/Assignment/ProductCatalogueManagement%20System/src/GUI/DashboardAdmin.java</file>
            <file>file:/C:/Users/Asus/OneDrive/Year%202%20Sem%201/Object%20Oriented%20Development%20with%20Java/Assignment/ProductCatalogueManagement%20System/src/ObjectClass/Staff.java</file>
            <file>file:/C:/Users/Asus/OneDrive/Year%202%20Sem%201/Object%20Oriented%20Development%20with%20Java/Assignment/ProductCatalogueManagement%20System/src/ObjectClass/Catalogue.java</file>
            <file>file:/C:/Users/Asus/OneDrive/Year%202%20Sem%201/Object%20Oriented%20Development%20with%20Java/Assignment/ProductCatalogueManagement%20System/src/productcataloguemanagement/system/ProductCatalogueManagementSystem.java</file>
            <file>file:/C:/Users/Asus/OneDrive/Year%202%20Sem%201/Object%20Oriented%20Development%20with%20Java/Assignment/ProductCatalogueManagement%20System/src/Function/ImportFile.java</file>
            <file>file:/C:/Users/Asus/OneDrive/Year%202%20Sem%201/Object%20Oriented%20Development%20with%20Java/Assignment/ProductCatalogueManagement%20System/src/GUI/AddProSupplier.java</file>
            <file>file:/C:/Users/Asus/OneDrive/Year%202%20Sem%201/Object%20Oriented%20Development%20with%20Java/Assignment/ProductCatalogueManagement%20System/src/GUI/ManageCatItem.java</file>
            <file>file:/C:/Users/Asus/OneDrive/Year%202%20Sem%201/Object%20Oriented%20Development%20with%20Java/Assignment/ProductCatalogueManagement%20System/src/GUI/ManageCatalogue.java</file>
            <file>file:/C:/Users/Asus/OneDrive/Year%202%20Sem%201/Object%20Oriented%20Development%20with%20Java/Assignment/ProductCatalogueManagement%20System/src/ObjectClass/ProductItem.java</file>
            <file>file:/C:/Users/Asus/OneDrive/Year%202%20Sem%201/Object%20Oriented%20Development%20with%20Java/Assignment/ProductCatalogueManagement%20System/src/GUI/ManageProManager.java</file>
            <file>file:/C:/Users/Asus/OneDrive/Year%202%20Sem%201/Object%20Oriented%20Development%20with%20Java/Assignment/ProductCatalogueManagement%20System/src/GUI/AddAdmin.java</file>
            <file>file:/C:/Users/Asus/OneDrive/Year%202%20Sem%201/Object%20Oriented%20Development%20with%20Java/Assignment/ProductCatalogueManagement%20System/src/GUI/Login.java</file>
            <file>file:/C:/Users/Asus/OneDrive/Year%202%20Sem%201/Object%20Oriented%20Development%20with%20Java/Assignment/ProductCatalogueManagement%20System/src/Function/Startup.java</file>
            <file>file:/C:/Users/Asus/OneDrive/Year%202%20Sem%201/Object%20Oriented%20Development%20with%20Java/Assignment/ProductCatalogueManagement%20System/src/GUI/AddProduct.java</file>
            <file>file:/C:/Users/Asus/OneDrive/Year%202%20Sem%201/Object%20Oriented%20Development%20with%20Java/Assignment/ProductCatalogueManagement%20System/src/ObjectClass/ProductManager.java</file>
            <file>file:/C:/Users/Asus/OneDrive/Year%202%20Sem%201/Object%20Oriented%20Development%20with%20Java/Assignment/ProductCatalogueManagement%20System/src/ObjectClass/Supplier.java</file>
            <file>file:/C:/Users/Asus/OneDrive/Year%202%20Sem%201/Object%20Oriented%20Development%20with%20Java/Assignment/ProductCatalogueManagement%20System/src/GUI/DashboardManager.java</file>
            <file>file:/C:/Users/Asus/OneDrive/Year%202%20Sem%201/Object%20Oriented%20Development%20with%20Java/Assignment/ProductCatalogueManagement%20System/src/GUI/ManagePersonalProfile.java</file>
            <file>file:/C:/Users/Asus/OneDrive/Year%202%20Sem%201/Object%20Oriented%20Development%20with%20Java/Assignment/ProductCatalogueManagement%20System/src/GUI/ManageProduct.java</file>
        </group>
    </open-files>
</project-private>
